k,gamma,Smoothness,Curve structure
1,0,-0.0018813602436671961,-0.00463310283289553
2,0,0.10675985752098138,0.23224869355500907
4,0,0.21120335583205435,0.3101075122014385
8,0,0.2863663682633703,0.3036218039299366
16,0,0.3408279963245981,0.2869701130640684
32,0,0.3657609230038121,0.27305131887818845
64,0,0.39253161117426244,0.24837479766820286
128,0,0.41699835737512964,0.21969840866714047
